"ID","Name","Gender","Email","DOB","Blood_Group","Degree","Occupation","User_Name","Password","Confirm_Password"
"1","IJAZ","Male","ijaz@gmail.com","2001-10-12","A+","BSC","Student","ijaz","123456789","123456789"
"2","AKIB","Male","akib@gmail.com","2001-05-09","A+","BA","Student","akib","12345678","12345678"
"3","FAHIM","Male","fahim@gmail.com","1999-01-01","AB+","BBA","Student","fahim","12345678","12345678"
"5","Ome","Male","abc@gmail.com","2000-10-13","B+","BSC","Student","ome","12345678","12345678"
"6","IFAT","Male","ifat@gmail.com","1999-02-04","O+","BBA","Student","ifat","12345678","12345678"
"7","AKIB","Male","akib@gmail.com","2002-12-10","O+","BBA","Student","akib","12345678","12345678"
"8","Abir","Male","abir@gmail.com","1999-03-05","B+","BBA","Student","abir","1234567","1234567"
"9","Riyad","Male","riyad@gmail.com","2001-10-25","AB+","BSC","Student","riyad","12345","12345"
"10","Mahabub","Male","mahabub@gmail.com","2000-10-15","A-","BSC","Student","mahabub","12345","12345"
"11","Morshed","Male","morshed@gmail.com","2000-02-05","O+","BBA","Student","morshed","12345","12345"
"12","ijaz","Male","ijaz@gmail.com","2001-10-12","A-","BSC","Student","ijaz","123","123"
"13","abc","Male","abc@gmail.com","2000-01-01","A+","BSC","Student","abc","123","123"
"14","xyz","Male","xyz@gmail.com","2002-01-01","O+","Others","Student","xyz","123","123"
"15","abcd","Male","abcd@gmail.com","2002-10-10","A-","Others","Student","abcd","123","123"
"16","abcde","Male","abcde@gmail.com","0000-00-00","AB+","Others","Student","abcde","123","123"
"17","Ove","Male","ove@gmail.com","2000-10-10","AB+","MSC","Student","ove","12345","12345"
